Name,Specialty,Address,Day,Time,User Rating
Dr. Emily Smith,Cardiologist,123 Main St,Monday,09:00-17:00,3.6
Dr. Michael Johnson,Dermatologist,456 Elm St,Wednesday,08:00-16:00,1.3
Dr. Sarah Williams,Neurologist,789 Oak St,Friday,10:00-18:00,3.1
Dr. David Brown,Orthopedic Surgeon,101 Maple St,Tuesday,08:00-16:00,3.5
Dr. Jessica Lee,Pediatrician,202 Pine St,Saturday,09:00-17:00,4.2
Dr. Matthew Taylor,Psychiatrist,303 Cedar St,Thursday,10:00-18:00,1.7
Dr. Samantha Martinez,OB/GYN,404 Walnut St,Sunday,08:00-16:00,3.4
Dr. Christopher Davis,Endocrinologist,505 Cherry St,Monday,09:00-17:00,4.5
Dr. Olivia Garcia,Gastroenterologist,606 Birch St,Wednesday,08:00-16:00,4.4
Dr. Ethan Rodriguez,Ophthalmologist,707 Pine St,Friday,09:00-17:00,2.9
Dr. Sophia Hernandez,Allergist,808 Oak St,Saturday,10:00-18:00,2.4
Dr. Lucas Nguyen,Urologist,909 Maple St,Sunday,08:00-16:00,3.0
Dr. Isabella King,Cardiologist,111 Main St,Tuesday,09:00-17:00,1.4
Dr. Jacob Wright,Dermatologist,222 Elm St,Thursday,08:00-16:00,1.3
Dr. Mia Perez,Neurologist,333 Oak St,Wednesday,10:00-18:00,2.1
Dr. Benjamin Scott,Orthopedic Surgeon,444 Maple St,Monday,08:00-16:00,3.2
Dr. Ava Carter,Pediatrician,555 Pine St,Friday,09:00-17:00,3.2
Dr. Logan Phillips,Psychiatrist,666 Cedar St,Saturday,10:00-18:00,1.0
Dr. Zoe Rivera,OB/GYN,777 Walnut St,Sunday,08:00-16:00,3.9
Dr. Elijah Morris,Endocrinologist,888 Cherry St,Monday,09:00-17:00,3.5
Dr. Aria Cooper,Gastroenterologist,999 Birch St,Wednesday,08:00-16:00,1.4
Dr. Noah Diaz,Ophthalmologist,123 Pine St,Friday,09:00-17:00,3.9
Dr. Madison Flores,Allergist,456 Oak St,Saturday,10:00-18:00,1.3
Dr. Gabriel Morgan,Urologist,789 Maple St,Sunday,08:00-16:00,2.6
Dr. Riley Taylor,Cardiologist,101 Main St,Tuesday,09:00-17:00,3.8
Dr. Savannah Martin,Dermatologist,202 Elm St,Thursday,08:00-16:00,4.7
Dr. Aaron Hill,Neurologist,303 Oak St,Wednesday,10:00-18:00,4.4
Dr. Hailey Allen,Orthopedic Surgeon,404 Maple St,Monday,08:00-16:00,2.2
Dr. Luke Young,Pediatrician,505 Pine St,Friday,09:00-17:00,1.3
Dr. Grace Lewis,Psychiatrist,606 Cedar St,Saturday,10:00-18:00,4.1
Dr. Dylan White,OB/GYN,707 Walnut St,Sunday,08:00-16:00,4.7
Dr. Victoria Clark,Endocrinologist,808 Cherry St,Monday,09:00-17:00,1.1
Dr. Justin Green,Gastroenterologist,909 Birch St,Wednesday,08:00-16:00,2.7
Dr. Leah Hill,Ophthalmologist,111 Pine St,Friday,09:00-17:00,4.7
Dr. Ian Perez,Allergist,222 Oak St,Saturday,10:00-18:00,3.6
Dr. Kayla Carter,Urologist,333 Maple St,Sunday,08:00-16:00,1.9
Dr. Cole Morris,Cardiologist,444 Main St,Monday,09:00-17:00,1.4
Dr. Audrey Ross,Dermatologist,555 Elm St,Thursday,08:00-16:00,1.8
Dr. Wyatt Rodriguez,Neurologist,666 Oak St,Wednesday,10:00-18:00,2.9
Dr. Maya Wright,Orthopedic Surgeon,777 Maple St,Monday,08:00-16:00,4.8
Dr. Oliver Diaz,Pediatrician,888 Pine St,Friday,09:00-17:00,1.3
Dr. Sydney Flores,Psychiatrist,999 Cedar St,Saturday,10:00-18:00,4.3
Dr. Max Cooper,OB/GYN,123 Walnut St,Sunday,08:00-16:00,1.7
Dr. Zoey Hill,Endocrinologist,456 Cherry St,Monday,09:00-17:00,4.1
Dr. Evan Lewis,Gastroenterologist,789 Birch St,Wednesday,08:00-16:00,1.7
Dr. Lily Green,Ophthalmologist,101 Pine St,Friday,09:00-17:00,1.2
Dr. Nolan Allen,Allergist,202 Oak St,Saturday,10:00-18:00,1.7
Dr. Sydney Hill,Urologist,303 Maple St,Sunday,08:00-16:00,1.2
Dr. Aiden Ross,Cardiologist,404 Main St,Monday,09:00-17:00,1.3
Dr. Elena Rodriguez,Dermatologist,505 Elm St,Thursday,08:00-16:00,1.8
Dr. Leo Wright,Neurologist,606 Oak St,Wednesday,10:00-18:00,3.5
Dr. Stella Perez,Orthopedic Surgeon,707 Maple St,Monday,08:00-16:00,4.6
Dr. Grayson Flores,Pediatrician,808 Pine St,Friday,09:00-17:00,2.2
Dr. Clara Martinez,Psychiatrist,909 Cedar St,Saturday,10:00-18:00,1.3
Dr. Asher Cooper,OB/GYN,111 Walnut St,Sunday,08:00-16:00,1.0
Dr. Bella Hill,Endocrinologist,222 Cherry St,Monday,09:00-17:00,2.7
Dr. Colton Lewis,Gastroenterologist,333 Birch St,Wednesday,08:00-16:00,4.4
Dr. Luna Green,Ophthalmologist,444 Pine St,Friday,09:00-17:00,2.6
Dr. Finnegan Allen,Allergist,555 Oak St,Saturday,10:00-18:00,3.6
Dr. Aurora Hill,Urologist,666 Maple St,Sunday,08:00-16:00,1.7
Dr. Sawyer Ross,Cardiologist,777 Main St,Monday,09:00-17:00,4.7
Dr. Elise Rodriguez,Dermatologist,888 Elm St,Thursday,08:00-16:00,1.6
Dr. Roman Wright,Neurologist,999 Oak St,Wednesday,10:00-18:00,2.5
Dr. Lydia Perez,Orthopedic Surgeon,123 Maple St,Monday,08:00-16:00,2.6
Dr. Landon Flores,Pediatrician,456 Pine St,Friday,09:00-17:00,3.8
Dr. Norah Martinez,Psychiatrist,789 Cedar St,Saturday,10:00-18:00,1.6
Dr. Jackson Cooper,OB/GYN,101 Walnut St,Sunday,08:00-16:00,3.7
Dr. Eva Hill,Endocrinologist,202 Cherry St,Monday,09:00-17:00,1.8
Dr. Silas Lewis,Gastroenterologist,303 Birch St,Wednesday,08:00-16:00,2.1
Dr. Ivy Green,Ophthalmologist,404 Pine St,Friday,09:00-17:00,3.3
Dr. June Allen,Allergist,505 Oak St,Saturday,10:00-18:00,2.5
Dr. Phoenix Hill,Urologist,606 Maple St,Sunday,08:00-16:00,3.6
Dr. Ivy Wright,Cardiologist,707 Main St,Monday,09:00-17:00,3.4
Dr. Skyler Rodriguez,Dermatologist,808 Elm St,Thursday,08:00-16:00,1.8
Dr. Ezra Perez,Neurologist,909 Oak St,Wednesday,10:00-18:00,1.2
Dr. Aurora Perez,Orthopedic Surgeon,111 Maple St,Monday,08:00-16:00,2.9
Dr. Logan Allen,Pediatrician,222 Pine St,Friday,09:00-17:00,1.9
Dr. Jaxon Brown,Psychiatrist,333 Cedar St,Saturday,10:00-18:00,3.1
Dr. Lena Cooper,OB/GYN,444 Walnut St,Sunday,08:00-16:00,2.4
Dr. Kinsley Hill,Endocrinologist,555 Cherry St,Monday,09:00-17:00,1.0
Dr. Roman Wright,Gastroenterologist,666 Birch St,Wednesday,08:00-16:00,1.4
Dr. Carter Perez,Ophthalmologist,777 Pine St,Friday,09:00-17:00,2.5
Dr. Eli Allen,Allergist,888 Oak St,Saturday,10:00-18:00,3.7
Dr. Jocelyn Wright,Urologist,999 Maple St,Sunday,08:00-16:00,4.2
Dr. Logan Wright,Cardiologist,123 Main St,Monday,09:00-17:00,1.8
Dr. Marley Rodriguez,Dermatologist,456 Elm St,Thursday,08:00-16:00,3.2
Dr. Reese Perez,Neurologist,789 Oak St,Wednesday,10:00-18:00,1.5
Dr. Annabelle Brown,Orthopedic Surgeon,101 Maple St,Monday,08:00-16:00,4.3
Dr. Everett Taylor,Pediatrician,202 Pine St,Friday,09:00-17:00,2.8
Dr. Valerie Martinez,Psychiatrist,303 Cedar St,Saturday,10:00-18:00,1.2
Dr. Declan Cooper,OB/GYN,404 Walnut St,Sunday,08:00-16:00,4.0
Dr. Paige Hill,Endocrinologist,505 Cherry St,Monday,09:00-17:00,2.7
Dr. Ayden Rodriguez,Gastroenterologist,606 Birch St,Wednesday,08:00-16:00,3.7
Dr. Eliza Wright,Ophthalmologist,707 Pine St,Friday,09:00-17:00,2.2
Dr. Josiah Allen,Allergist,808 Oak St,Saturday,10:00-18:00,2.9
Dr. Rory Wright,Urologist,909 Maple St,Sunday,08:00-16:00,4.7
Dr. Harley Perez,Cardiologist,111 Main St,Monday,09:00-17:00,2.7
Dr. Mira Smith,Dermatologist,222 Elm St,Thursday,08:00-16:00,3.8
Dr. Asher Davis,Neurologist,333 Oak St,Wednesday,10:00-18:00,2.1
Dr. London White,Orthopedic Surgeon,444 Maple St,Monday,08:00-16:00,2.2
Dr. Lennon Perez,Pediatrician,555 Pine St,Friday,09:00-17:00,3.1
Dr. Brayden Phillips,Psychiatrist,666 Cedar St,Saturday,10:00-18:00,2.1
Dr. Brooke Flores,OB/GYN,777 Walnut St,Sunday,08:00-16:00,3.5
Dr. Natalie Clark,Endocrinologist,808 Cherry St,Monday,09:00-17:00,3.3
Dr. Gideon Green,Gastroenterologist,909 Birch St,Wednesday,08:00-16:00,4.5
Dr. Amber Hill,Ophthalmologist,111 Pine St,Friday,09:00-17:00,2.2
Dr. Maxwell Perez,Allergist,222 Oak St,Saturday,10:00-18:00,2.5
Dr. Rory Hill,Urologist,303 Maple St,Sunday,08:00-16:00,2.9
Dr. Mariah Ross,Cardiologist,404 Main St,Monday,09:00-17:00,4.7
Dr. Adrian Rodriguez,Dermatologist,505 Elm St,Thursday,08:00-16:00,4.4
Dr. Giselle Wright,Neurologist,606 Oak St,Wednesday,10:00-18:00,1.4
Dr. Mason Perez,Orthopedic Surgeon,707 Maple St,Monday,08:00-16:00,1.4
Dr. Selena Allen,Pediatrician,808 Pine St,Friday,09:00-17:00,1.2
Dr. Eric Martinez,Psychiatrist,909 Cedar St,Saturday,10:00-18:00,2.5
Dr. Julia Cooper,OB/GYN,111 Walnut St,Sunday,08:00-16:00,2.5
Dr. Timothy Hill,Endocrinologist,222 Cherry St,Monday,09:00-17:00,4.1
Dr. Lena Lewis,Gastroenterologist,333 Birch St,Wednesday,08:00-16:00,1.6
Dr. Tristan Green,Ophthalmologist,444 Pine St,Friday,09:00-17:00,1.7
Dr. Avery Wright,Allergist,505 Oak St,Saturday,10:00-18:00,3.5
Dr. Reid Hill,Urologist,606 Maple St,Sunday,08:00-16:00,1.5
Dr. Rowan Wright,Cardiologist,707 Main St,Monday,09:00-17:00,2.5
Dr. Emerson Rodriguez,Dermatologist,808 Elm St,Thursday,08:00-16:00,1.3
Dr. Bennett Perez,Neurologist,909 Oak St,Wednesday,10:00-18:00,3.2
Dr. Summer Perez,Orthopedic Surgeon,111 Maple St,Monday,08:00-16:00,2.4
Dr. Finley Allen,Pediatrician,222 Pine St,Friday,09:00-17:00,1.6
Dr. Paige Brown,Psychiatrist,333 Cedar St,Saturday,10:00-18:00,4.4
Dr. Morgan Flores,OB/GYN,444 Walnut St,Sunday,08:00-16:00,2.5
Dr. Logan Clark,Endocrinologist,555 Cherry St,Monday,09:00-17:00,3.5
Dr. Hayden Martinez,Gastroenterologist,666 Birch St,Wednesday,08:00-16:00,4.0
Dr. Parker White,Ophthalmologist,777 Pine St,Friday,09:00-17:00,1.6
Dr. Avery Garcia,Allergist,888 Oak St,Saturday,10:00-18:00,2.6
Dr. Logan Perez,Urologist,999 Maple St,Sunday,08:00-16:00,1.3
